Date,Code,Name,Close,Volume,Value
2026-08-10,1101,台泥,24.55,14596102,357692066
2026-08-10,1102,亞泥,32.95,4654967,152822487
2026-08-10,1103,嘉泥,13.2,196885,2590502
2026-08-10,1104,環泥,26.65,561024,14945291
2026-08-10,1108,幸福,12.1,353068,4262945
2026-08-10,1109,信大,13.55,93795,1270084
2026-08-10,1110,東泥,16.3,479129,7776727
2026-08-10,1201,味全,12.15,249766,3026094
2026-08-10,1203,味王,46.15,21913,1016273
2026-08-10,1210,大成,53.2,2482967,131015185
2026-08-10,1213,大飲,7.72,8686,66322
2026-08-10,1215,卜蜂,109.0,360544,38950471
2026-08-10,1216,統一,75.5,10662068,802064424
2026-08-10,1217,愛之味,9.84,277680,2736591
2026-08-10,1218,泰山,15.8,708700,11081267
2026-08-10,1219,福壽,10.8,625265,6695709
2026-08-10,1220,台榮,11.15,72959,814479
2026-08-10,1225,福懋油,25.0,141089,3487492
2026-08-10,1227,佳格,29.2,768286,22338729
2026-08-10,1229,聯華,40.7,1024192,41640445
2026-08-10,1231,聯華食,80.3,226656,18251055
2026-08-10,1232,大統益,156.0,305748,48002358
2026-08-10,1233,天仁,28.3,62524,1775047
2026-08-10,1234,黑松,33.45,188717,6291813
2026-08-10,1235,興泰,36.55,2220,80544
2026-08-10,1236,宏亞,25.55,330333,8458635
2026-08-10,1256,鮮活果汁-KY,178.0,38221,6806305
2026-08-10,1301,台塑,55.6,14356177,800517834
2026-08-10,1303,南亞,185.0,105821200,19849022635
2026-08-10,1304,台聚,12.1,2597960,31046380
2026-08-10,1305,華夏,11.7,881563,10226672
2026-08-10,1307,三芳,30.9,2223555,68220811
2026-08-10,1308,亞聚,13.65,2452365,33174245
2026-08-10,1309,台達化,12.9,1196654,15460525
2026-08-10,1310,台苯,8.08,4121526,33315520
2026-08-10,1312,國喬,11.9,4776884,57146381
2026-08-10,1313,聯成,11.6,2458773,28387438
2026-08-10,1314,中石化,7.74,42518724,331089913
2026-08-10,1315,達新,64.4,145462,9389036
2026-08-10,1316,上曜,10.05,1019099,10218522
2026-08-10,1319,東陽,77.6,2123941,163741012
2026-08-10,1321,大洋,32.2,122754,3932055
2026-08-10,1323,永裕,21.6,459701,9688576
2026-08-10,1324,地球,10.05,37610,376584
2026-08-10,1325,恆大,26.8,502690,13467983
2026-08-10,1326,台化,58.8,18904137,1110543021
2026-08-10,1337,再生-KY,4.72,299911,1413336
2026-08-10,1338,廣華-KY,15.45,125067,1918734
2026-08-10,1339,昭輝,45.0,112477,5073269
2026-08-10,1340,勝悅-KY,5.26,561280,2952997
2026-08-10,1341,富林-KY,59.2,38033,2278795
2026-08-10,1342,八貫,103.5,230775,23941749
2026-08-10,1402,遠東新,27.25,18017237,492530545
2026-08-10,1409,新纖,24.75,6300637,155940629
2026-08-10,1410,南染,25.8,85338,2232253
2026-08-10,1413,宏洲,9.4,11344,107389
2026-08-10,1414,東和,19.75,732150,14149973
2026-08-10,1416,廣豐,11.0,240023,2650778
2026-08-10,1417,嘉裕,8.29,69452,576009
2026-08-10,1418,東華,18.05,1541,27714
2026-08-10,1419,新紡,65.0,55308,3571392
2026-08-10,1423,利華,35.95,17686,629214
2026-08-10,1432,大魯閣,15.3,325379,4976929
2026-08-10,1434,福懋,17.7,2632508,46273569
2026-08-10,1435,中福,24.65,38963,883970
2026-08-10,1436,華友聯,37.35,258568,9587106
2026-08-10,1437,勤益控,30.3,162076,4858186
2026-08-10,1438,三地開發,22.45,20708,464289
2026-08-10,1439,雋揚,29.25,54513,1578759
2026-08-10,1440,南紡,13.5,6446773,85766004
2026-08-10,1441,大東,8.89,13879,123745
2026-08-10,1442,名軒,30.05,271945,8202047
2026-08-10,1443,立益物流,26.05,7306,186542
2026-08-10,1444,力麗,7.26,1067523,7769705
2026-08-10,1445,大宇,10.45,52281,558961
2026-08-10,1446,宏和,13.95,141741,1980289
2026-08-10,1447,力鵬,7.17,1532558,11003867
2026-08-10,1449,佳和,12.9,398976,5111311
2026-08-10,1451,年興,17.5,215720,3736119
2026-08-10,1452,宏益,11.35,96930,1098184
2026-08-10,1453,大將,11.1,66104,730705
2026-08-10,1454,台富,12.75,24462,311673
2026-08-10,1455,集盛,9.9,5146746,50393302
2026-08-10,1456,怡華,14.25,75052,1057298
2026-08-10,1457,宜進,14.1,75762,1069281
2026-08-10,1459,聯發,14.0,303992,4155063
2026-08-10,1460,宏遠,6.66,209180,1398940
2026-08-10,1463,強盛新,17.8,35012,620357
2026-08-10,1464,得力,10.4,339001,3541989
2026-08-10,1465,偉全,12.35,93272,1146190
2026-08-10,1466,聚隆,17.0,530448,8884751
2026-08-10,1467,南緯,9.79,401888,3945937
2026-08-10,1468,昶和,13.55,49032,656194
2026-08-10,1470,大統新創,23.4,7150,167206
2026-08-10,1471,首利,9.53,171596,1636813
2026-08-10,1472,三洋實業,88.9,5042,445229
2026-08-10,1473,台南,19.95,84067,1675904
2026-08-10,1474,弘裕,10.1,45094,454349
2026-08-10,1475,業旺,27.15,35050,952165
2026-08-10,1476,儒鴻,337.0,1350088,458313433
2026-08-10,1477,聚陽,222.0,1647007,366332566
2026-08-10,1503,士電,195.5,951026,185760962
2026-08-10,1504,東元,67.2,5220509,351572161
2026-08-10,1506,正道,10.5,356800,3746532
2026-08-10,1512,瑞利,6.57,41945,275878
2026-08-10,1513,中興電,159.5,1539058,245891750
2026-08-10,1514,亞力,102.0,1000679,101171354
2026-08-10,1515,力山,31.2,2432053,77168856
2026-08-10,1516,川飛,14.65,522231,6847477
2026-08-10,1517,利奇,11.8,1043603,12211766
2026-08-10,1519,華城,671.0,994794,664382033
2026-08-10,1521,大億,25.3,9006,227346
2026-08-10,1522,堤維西,28.2,598726,16732385
2026-08-10,1524,耿鼎,27.15,425705,11455332
2026-08-10,1525,江申,68.4,10295,699635
2026-08-10,1526,日馳,18.3,1178378,21835898
2026-08-10,1527,鑽全,32.65,90144,2939229
2026-08-10,1528,恩德,19.0,670407,12696158
2026-08-10,1529,樂事綠能,17.15,299919,5135325
2026-08-10,1530,亞崴,27.15,92995,2530180
2026-08-10,1531,高林股,13.0,99930,1288893
2026-08-10,1532,勤美,21.75,292604,6334400
2026-08-10,1533,車王電,33.1,193304,6381059
2026-08-10,1535,中宇,46.5,44612,2061946
2026-08-10,1536,和大,51.6,1521804,78984484
2026-08-10,1537,廣隆,127.0,89268,11336846
2026-08-10,1538,正峰,0.0,962,9194
2026-08-10,1539,巨庭,16.35,82181,1335026
2026-08-10,1540,喬福,19.75,218435,4337549
2026-08-10,1541,錩泰,21.95,6170,135240
2026-08-10,1558,伸興,94.6,155960,14653369
2026-08-10,1560,中砂,688.0,782733,541720299
2026-08-10,1563,巧新,56.5,1875645,105051712
2026-08-10,1568,倉佑,28.6,240008,6848716
2026-08-10,1582,信錦,74.3,995933,73337562
2026-08-10,1583,程泰,49.7,1030,51191
2026-08-10,1587,吉茂,24.3,172651,4187687
2026-08-10,1590,亞德客-KY,1570.0,1353535,2079208490
2026-08-10,1597,直得,149.0,3032058,448351490
2026-08-10,1598,岱宇,20.35,117655,2384307
2026-08-10,1603,華電,29.25,192208,5602345
2026-08-10,1604,聲寶,23.2,105910,2454780
2026-08-10,1605,華新,38.0,74196432,2778584579
2026-08-10,1608,華榮,35.75,9423837,336354920
2026-08-10,1609,大亞,36.95,5349028,196785278
2026-08-10,1611,中電,11.85,471197,5585933
2026-08-10,1612,宏泰,32.95,2867801,95055735
2026-08-10,1614,三洋電,30.85,115025,3536181
2026-08-10,1615,大山,42.25,104861,4438442
2026-08-10,1616,億泰,19.75,266680,5290259
2026-08-10,1617,榮星,18.95,1182957,22364783
2026-08-10,1618,合機,40.5,2266757,91293645
2026-08-10,1623,大東電,210.0,72360,15148975
2026-08-10,1626,艾美特-KY,9.66,46716,449186
2026-08-10,1702,南僑,33.35,85525,2850921
2026-08-10,1707,葡萄王,90.3,247902,22251081
2026-08-10,1708,東鹼,49.95,2761628,137764942
2026-08-10,1709,和益,27.3,5150246,142934552
2026-08-10,1710,東聯,14.5,5448132,77812898
2026-08-10,1711,永光,38.05,2799648,105160615
2026-08-10,1712,興農,39.35,968377,37912420
2026-08-10,1713,國化,44.0,305667,13402837
2026-08-10,1714,和桐,16.65,35835088,593442601
2026-08-10,1717,長興,70.0,13570718,937935676
2026-08-10,1718,中纖,10.25,30849271,315303468
2026-08-10,1720,生達,56.7,515433,29085804
2026-08-10,1721,三晃,20.3,671501,13681486
2026-08-10,1722,台肥,46.1,2207391,101413027
2026-08-10,1723,中碳,86.3,525610,45021977
2026-08-10,1725,元禎,30.9,46361,1427870
2026-08-10,1726,永記,77.3,32518,2509564
2026-08-10,1727,中華化,76.5,1777456,134943822
2026-08-10,1730,花仙子,51.4,44926,2309260
2026-08-10,1731,美吾華,21.15,265269,5606293
2026-08-10,1732,毛寶,26.8,308678,8284575
2026-08-10,1733,五鼎,30.85,441677,13422216
2026-08-10,1734,杏輝,31.9,216064,6880554
2026-08-10,1735,日勝化,20.5,50594,1040176
2026-08-10,1736,喬山,139.5,2134585,292457342
2026-08-10,1737,臺鹽,31.9,99884,3188614
2026-08-10,1752,南光,31.9,58661,1876154
2026-08-10,1760,寶齡富錦,59.3,140360,8315657
2026-08-10,1762,中化生,36.6,712912,25855215
2026-08-10,1773,勝一,162.0,568988,91750346
2026-08-10,1776,展宇,17.0,75161,1277917
2026-08-10,1783,和康生,41.3,104306,4270246
2026-08-10,1786,科妍,51.8,278811,14206972
2026-08-10,1789,神隆,18.8,660996,12273041
2026-08-10,1795,美時,193.5,1579348,303885245
2026-08-10,1802,台玻,54.7,25394408,1398667825
2026-08-10,1805,寶徠,9.99,19925,198391
2026-08-10,1806,冠軍,8.04,74050,593900
2026-08-10,1808,潤隆,33.35,1795207,59410309
2026-08-10,1809,中釉,41.0,3205697,128631620
2026-08-10,1810,和成,24.65,4206020,103902343
2026-08-10,1817,凱撒衛,38.4,30483,1167290
2026-08-10,1903,士紙,47.2,74575,3525216
2026-08-10,1904,正隆,24.2,6971352,166776816
2026-08-10,1905,華紙,13.45,1714619,23087417
2026-08-10,1906,寶隆,11.05,91517,1011446
2026-08-10,1907,永豐餘,30.85,1969210,60834393
2026-08-10,1909,榮成,10.15,3065633,30978910
2026-08-10,2002,中鋼,19.65,115957493,2249751844
2026-08-10,2006,東和鋼鐵,85.9,3234983,280174949
2026-08-10,2007,燁興,7.17,324486,2317299
2026-08-10,2008,高興昌,31.3,9305,286695
2026-08-10,2009,第一銅,39.65,2466603,98688784
2026-08-10,2010,春源,23.4,3950177,91771863
2026-08-10,2012,春雨,15.25,17094,259729
2026-08-10,2013,中鋼構,41.35,152025,6296601
2026-08-10,2014,中鴻,17.95,6580325,117226303
2026-08-10,2015,豐興,65.9,166286,10937567
2026-08-10,2017,官田鋼,9.12,528118,4803707
2026-08-10,2020,美亞,21.75,420125,9077104
2026-08-10,2022,聚亨,7.91,894263,6986961
2026-08-10,2023,燁輝,13.9,714632,9870446
2026-08-10,2024,志聯,13.8,5249,72727
2026-08-10,2025,千興,12.85,803009,10189858
2026-08-10,2027,大成鋼,47.3,18613189,881347892
2026-08-10,2028,威致,15.75,136702,2130545
2026-08-10,2029,盛餘,21.2,615527,12929628
2026-08-10,2030,彰源,20.45,8910591,182142541
2026-08-10,2031,新光鋼,46.5,7450460,341701230
2026-08-10,2032,新鋼,17.85,2049299,36158772
2026-08-10,2033,佳大,18.7,1726238,31587309
2026-08-10,2034,允強,20.35,2792953,56400744
2026-08-10,2038,海光,13.15,807734,10575418
2026-08-10,2049,上銀,387.0,9126898,3462621885
2026-08-10,2059,川湖,11905.0,1016839,12353206775
2026-08-10,2062,橋椿,18.75,174807,3273578
2026-08-10,2069,運錩,19.95,531057,10616695
2026-08-10,2072,世紀風電,154.0,339161,52264582
2026-08-10,2101,南港,34.3,3406091,116072637
2026-08-10,2102,泰豐,18.65,188624,3508447
2026-08-10,2103,台橡,27.5,24706261,677650997
2026-08-10,2104,國際中橡,10.45,7673983,80110000
2026-08-10,2105,正新,31.7,4313407,135904384
2026-08-10,2106,建大,18.35,1098672,20100710
2026-08-10,2107,厚生,25.45,72588,1850921
2026-08-10,2108,南帝,29.85,2325686,68392501
2026-08-10,2109,華豐,14.6,101810,1479437
2026-08-10,2114,鑫永銓,88.0,22446,1972577
2026-08-10,2115,六暉-KY,22.85,79910,1816640
2026-08-10,2201,裕隆,27.55,1415938,38892225
2026-08-10,2204,中華,51.8,1294221,66460355
2026-08-10,2206,三陽工業,62.7,518768,32299854
2026-08-10,2207,和泰車,514.0,169612,87705303
2026-08-10,2208,台船,19.0,1544412,29404509
2026-08-10,2211,長榮鋼,88.0,305607,26812294
2026-08-10,2227,裕日車,49.05,47683,2344810
2026-08-10,2228,劍麟,75.2,222429,16740782
2026-08-10,2231,為升,99.0,219430,21631996
2026-08-10,2233,宇隆,204.5,561747,114755538
2026-08-10,2236,百達-KY,137.0,928869,127097442
2026-08-10,2237,華德動能-創,27.0,1195176,32073199
2026-08-10,2239,英利-KY,19.5,58418,1136316
2026-08-10,2241,艾姆勒,32.6,552551,17867620
2026-08-10,2243,宏旭-KY,40.6,204248,8329550
2026-08-10,2247,汎德永業,229.5,16543,3792462
2026-08-10,2248,華勝-KY,62.0,125385,7549243
2026-08-10,2250,IKKA-KY,60.2,55144,3321688
2026-08-10,2254,巨鎧精密-創,60.7,4003,242665
2026-08-10,2258,鴻華先進-創,30.2,333827,10011181
2026-08-10,2301,光寶科,271.5,26110081,6975917564
2026-08-10,2302,麗正,42.5,2717766,117979596
2026-08-10,2303,聯電,123.0,175668376,21333935551
2026-08-10,2305,全友,29.05,8522216,244751830
2026-08-10,2308,台達電,1815.0,10318139,18385933905
2026-08-10,2312,金寶,32.5,13477175,438627192
2026-08-10,2313,華通,215.0,33993431,7188332060
2026-08-10,2314,台揚,12.05,61138,745269
2026-08-10,2316,楠梓電,163.5,2036652,333189519
2026-08-10,2317,鴻海,264.5,34854398,9214462439
2026-08-10,2321,東訊,0.0,56,809
2026-08-10,2323,中環,10.25,6229011,63904986
2026-08-10,2324,仁寶,36.3,29167345,1061059793
2026-08-10,2327,國巨*,573.0,36354305,20689287979
2026-08-10,2328,廣宇,47.05,3203581,149136632
2026-08-10,2329,華泰,44.85,2144124,96164144
2026-08-10,2330,台積電,2380.0,21498241,51385081395
2026-08-10,2331,精英,19.95,1287827,25565869
2026-08-10,2332,友訊,23.6,40251036,934187127
2026-08-10,2337,旺宏,133.5,134956954,17527702920
2026-08-10,2338,光罩,40.1,1058057,42335078
2026-08-10,2340,台亞,31.9,4830350,152145647
2026-08-10,2342,茂矽,37.1,1595164,59115154
2026-08-10,2344,華邦電,179.5,154758322,27206284042
2026-08-10,2345,智邦,2165.0,2810982,6182816405
2026-08-10,2347,聯強,91.9,3323865,305571377
2026-08-10,2348,海悅,71.1,702915,50204561
2026-08-10,2349,錸德,11.1,1587471,17523583
2026-08-10,2351,順德,168.5,2952321,497896035
2026-08-10,2352,佳世達,29.6,10565901,311791021
2026-08-10,2353,宏碁,31.0,20786468,637759993
2026-08-10,2354,鴻準,63.1,37584609,2397962670
2026-08-10,2355,敬鵬,42.05,2829003,117751250
2026-08-10,2356,英業達,66.0,18619643,1220680999
2026-08-10,2357,華碩,818.0,2749914,2244909454
2026-08-10,2359,所羅門,153.5,16270839,2482838159
2026-08-10,2360,致茂,2030.0,1587806,3261193075
2026-08-10,2362,藍天,46.8,6118894,286829912
2026-08-10,2363,矽統,54.0,5470781,296443293
2026-08-10,2364,倫飛,76.1,726487,54677260
2026-08-10,2365,昆盈,31.25,1083156,33545084
2026-08-10,2367,燿華,44.25,10974547,477729753
2026-08-10,2368,金像電,926.0,18011976,17030802388
2026-08-10,2369,菱生,33.6,5733304,193853778
2026-08-10,2371,大同,26.8,8792500,233600866
2026-08-10,2373,震旦行,53.4,11770,629675
2026-08-10,2374,佳能,72.4,4334880,309694986
2026-08-10,2375,凱美,124.0,3563167,436397566
2026-08-10,2376,技嘉,349.5,6544561,2273885026
2026-08-10,2377,微星,155.0,11401148,1770638635
2026-08-10,2379,瑞昱,758.0,2612784,1974751090
2026-08-10,2380,虹光,19.1,63078,1201368
2026-08-10,2382,廣達,313.5,22764127,7035824382
2026-08-10,2383,台光電,5290.0,1972845,10554508135
2026-08-10,2385,群光,103.0,2835646,289635378
2026-08-10,2387,精元,37.55,891058,33448982
2026-08-10,2388,威盛,80.7,5207528,421324312
2026-08-10,2390,云辰,10.6,447850,4740240
2026-08-10,2392,正崴,37.95,1072939,40567863
2026-08-10,2393,億光,62.4,2392147,149258952
2026-08-10,2395,研華,667.0,7375844,4979051269
2026-08-10,2397,友通,68.0,2548325,169864964
2026-08-10,2399,映泰,43.65,9680998,415989872
2026-08-10,2401,凌陽,27.95,2235059,62070758
2026-08-10,2402,毅嘉,55.5,1363071,75777171
2026-08-10,2404,漢唐,1150.0,1179125,1360877065
2026-08-10,2405,輔信,16.35,993228,16266155
2026-08-10,2406,國碩,31.95,3442113,110097847
2026-08-10,2408,南亞科,502.0,102644584,50739402678
2026-08-10,2409,友達,27.0,216206480,5690463846
2026-08-10,2412,中華電,136.5,9542858,1302301368
2026-08-10,2413,環科,44.85,1971629,87039127
2026-08-10,2414,精技,56.7,507042,28655233
2026-08-10,2415,錩新,31.0,183583,5727348
2026-08-10,2417,圓剛,44.55,1840255,80896255
2026-08-10,2419,仲琦,24.95,401156,9923967
2026-08-10,2420,新巨,56.5,486875,27482799
2026-08-10,2421,建準,149.5,4898632,747104629
2026-08-10,2423,固緯,72.5,385769,28364116
2026-08-10,2424,隴華,8.71,21253,183771
2026-08-10,2425,承啟,49.55,12290844,622755880
2026-08-10,2426,鼎元,67.6,22368989,1505885489
2026-08-10,2427,三商電,21.9,299908,6564222
2026-08-10,2428,興勤,229.0,351146,80664506
2026-08-10,2429,銘旺科,31.4,231300,7251069
2026-08-10,2430,燦坤,17.25,50488,867449
2026-08-10,2431,聯昌,10.2,567842,5744527
2026-08-10,2432,倚天酷碁-創,28.3,43106,1213156
2026-08-10,2433,互盛電,41.9,29982,1254883
2026-08-10,2434,統懋,52.9,541737,29078061
2026-08-10,2436,偉詮電,67.4,10797573,719283099
2026-08-10,2438,翔耀,17.5,44435,781826
2026-08-10,2439,美律,82.3,1901084,155345635
2026-08-10,2440,太空梭,15.85,291206,4499097
2026-08-10,2441,超豐,129.0,11495066,1460494901
2026-08-10,2442,新美齊,19.65,1468504,28652891
2026-08-10,2444,兆勁,11.4,386135,4360743
2026-08-10,2449,京元電子,248.5,35251334,8725514442
2026-08-10,2450,神腦,28.35,98384,2792188
2026-08-10,2451,創見,295.5,6233448,1842104631
2026-08-10,2453,凌群,52.6,204759,10796016
2026-08-10,2454,聯發科,3960.0,5872851,23240434365
2026-08-10,2455,全新,384.5,5128734,1981600328
2026-08-10,2457,飛宏,23.55,1053539,24750304
2026-08-10,2458,義隆,145.5,3547311,510987282
2026-08-10,2459,敦吉,66.1,183698,12162316
2026-08-10,2460,建通,31.8,494828,15436121
2026-08-10,2461,光群雷,17.5,586369,10201243
2026-08-10,2462,良得電,19.5,248119,4818573
2026-08-10,2464,盟立,180.0,16706927,3029155316
2026-08-10,2465,麗臺,93.6,7060430,653900542
2026-08-10,2466,冠西電,97.1,1890610,180121722
2026-08-10,2467,志聖,550.0,1532465,827629795
2026-08-10,2468,華經,34.95,336762,11766950
2026-08-10,2471,資通,49.5,216363,10691972
2026-08-10,2472,立隆電,240.5,2344173,558366264
2026-08-10,2474,可成,201.0,8367334,1682738663
2026-08-10,2476,鉅祥,126.0,1948850,245934074
2026-08-10,2477,美隆電,22.05,187047,4133782
2026-08-10,2478,大毅,122.0,4025012,487467489
2026-08-10,2480,敦陽科,154.5,126264,19566802
2026-08-10,2481,強茂,137.5,11814605,1632653563
2026-08-10,2482,連宇,16.15,170979,2775724
2026-08-10,2483,百容,35.85,1335679,48241442
2026-08-10,2484,希華,74.3,27411397,2063576101
2026-08-10,2485,兆赫,44.0,9227528,404753940
2026-08-10,2486,一詮,233.0,11372394,2695950988
2026-08-10,2488,漢平,49.65,648462,29218134
2026-08-10,2489,瑞軒,33.4,15376279,501444298
2026-08-10,2491,吉祥全,34.9,303552,10593945
2026-08-10,2492,華新科,273.5,27531473,7275201713
2026-08-10,2493,揚博,218.0,3508605,777556754
2026-08-10,2495,普安,39.0,1751440,67288761
2026-08-10,2496,卓越,59.4,25988,1540370
2026-08-10,2497,怡利電,48.25,270577,12991245
2026-08-10,2498,宏達電,40.7,3908152,159795932
2026-08-10,2501,國建,22.2,1895123,41837843
2026-08-10,2504,國產,30.95,1232464,37969295
2026-08-10,2505,國揚,18.1,152927,2773168
2026-08-10,2506,太設,8.63,48593,418334
2026-08-10,2509,全坤建,13.65,327808,4467535
2026-08-10,2511,太子,8.35,856888,7146236
2026-08-10,2514,龍邦,12.25,82667,1010155
2026-08-10,2515,中工,11.95,9168721,109961482
2026-08-10,2516,新建,14.1,134379,1896504
2026-08-10,2520,冠德,34.85,3265998,113218600
2026-08-10,2524,京城,34.25,35361,1210902
2026-08-10,2527,宏璟,47.6,1113356,52559070
2026-08-10,2528,皇普,20.75,323800,6676907
2026-08-10,2530,華建,19.4,596461,11534294
2026-08-10,2534,宏盛,17.15,245407,4201643
2026-08-10,2535,達欣工,90.5,382577,34407536
2026-08-10,2536,宏普,20.3,2309926,45972412
2026-08-10,2537,聯上發,11.0,862829,9458035
2026-08-10,2538,基泰,9.17,339072,3106794
2026-08-10,2539,櫻花建,42.85,1108813,47687605
2026-08-10,2540,愛山林,45.2,4626474,212220705
2026-08-10,2542,興富發,44.35,3422346,151498241
2026-08-10,2543,皇昌,38.9,1032724,40123614
2026-08-10,2545,皇翔,33.15,393769,12906301
2026-08-10,2546,根基,92.6,329976,30392647
2026-08-10,2547,日勝生,10.75,2075973,22195434
2026-08-10,2548,華固,93.8,1483448,139319401
2026-08-10,2597,潤弘,168.0,206183,34469576
2026-08-10,2601,益航,6.32,1479643,9275221
2026-08-10,2603,長榮,214.0,14637029,3114408531
2026-08-10,2605,新興,33.1,6640392,219784523
2026-08-10,2606,裕民,66.8,3574771,237838811
2026-08-10,2607,榮運,48.5,553037,26760523
2026-08-10,2608,嘉里大榮,28.6,221822,6355947
2026-08-10,2609,陽明,51.6,23675162,1215317164
2026-08-10,2610,華航,20.45,126311168,2598622316
2026-08-10,2611,志信,14.25,277660,3917483
2026-08-10,2612,中航,55.0,283346,15632706
2026-08-10,2613,中櫃,20.5,141415,2897019
2026-08-10,2614,東森,18.2,293404,5325045
2026-08-10,2615,萬海,87.5,18174178,1591733876
2026-08-10,2616,山隆,13.4,112301,1498950
2026-08-10,2617,台航,29.3,823562,23892747
2026-08-10,2618,長榮航,42.65,40365369,1715227232
2026-08-10,2630,亞航,48.3,935377,45193686
2026-08-10,2633,台灣高鐵,25.9,4578860,117955441
2026-08-10,2634,漢翔,61.0,11999700,733360275
2026-08-10,2636,台驊控股,65.8,220742,14489851
2026-08-10,2637,慧洋-KY,88.1,2143215,188362123
2026-08-10,2642,宅配通,20.35,24026,487009
2026-08-10,2645,長榮航太,189.5,1321286,250275106
2026-08-10,2646,星宇航空,20.75,11937552,247565067
2026-08-10,2701,萬企,10.6,51066,542458
2026-08-10,2702,華園,12.45,35036,434886
2026-08-10,2704,國賓,46.25,79047,3684214
2026-08-10,2705,六福,16.2,18624,300921
2026-08-10,2706,第一店,12.5,75274,939743
2026-08-10,2707,晶華,180.0,126990,22849961
2026-08-10,2712,遠雄來,14.95,3280,48834
2026-08-10,2722,夏都,22.0,19955,436801
2026-08-10,2723,美食-KY,62.9,107925,6739060
2026-08-10,2727,王品,241.5,1213188,293075514
2026-08-10,2731,雄獅,145.5,312697,45507913
2026-08-10,2739,寒舍,34.4,36101,1241637
2026-08-10,2748,雲品,38.5,68994,2647891
2026-08-10,2753,八方雲集,184.5,344423,63110845
2026-08-10,2762,世界健身-KY,84.8,79088,6660123
2026-08-10,2801,彰銀,23.2,15481308,358371352
2026-08-10,2812,台中銀,18.7,14204737,262962392
2026-08-10,2816,旺旺保,33.8,269300,9149865
2026-08-10,2820,華票,16.35,1928062,31463836
2026-08-10,2832,台產,58.5,68527,4021533
2026-08-10,2834,臺企銀,16.5,27113817,446838272
2026-08-10,2836,高雄銀,11.9,1750977,20810599
2026-08-10,2838,聯邦銀,20.15,3220990,64971931
2026-08-10,2845,遠東銀,13.15,6645957,87511912
2026-08-10,2849,安泰銀,14.7,32460,475897
2026-08-10,2850,新產,161.5,163220,26426536
2026-08-10,2851,中再保,36.0,1312222,46912330
2026-08-10,2852,第一保,26.9,91338,2452340
2026-08-10,2855,統一證,45.85,5237431,237582505
2026-08-10,2867,三商壽,9.7,12259889,118420989
2026-08-10,2880,華南金,44.0,25602739,1127605812
2026-08-10,2881,富邦金,128.5,10410703,1331803733
2026-08-10,2882,國泰金,101.0,14336276,1430212656
2026-08-10,2883,凱基金,31.05,30373456,935043079
2026-08-10,2884,玉山金,37.8,26421693,994602065
2026-08-10,2885,元大金,68.2,20144057,1378260085
2026-08-10,2886,兆豐金,51.0,23274176,1181367972
2026-08-10,2887,台新新光金,35.9,36103481,1276873033
2026-08-10,2889,國票金,15.35,3709124,56723422
2026-08-10,2890,永豐金,38.9,10456774,405701317
2026-08-10,2891,中信金,66.5,22731119,1499674955
2026-08-10,2892,第一金,34.95,51369106,1802022225
2026-08-10,2897,王道銀行,10.15,2571777,26012202
2026-08-10,2901,欣欣,23.9,3216,76939
2026-08-10,2903,遠百,22.05,584791,12866991
2026-08-10,2904,匯僑,13.05,27713,360989
2026-08-10,2905,三商,16.5,641490,10524140
2026-08-10,2906,高林,13.5,125762,1687618
2026-08-10,2908,特力,21.8,104988,2270045
2026-08-10,2910,統領,24.55,11606,293093
2026-08-10,2911,麗嬰房,7.09,194099,1385444
2026-08-10,2912,統一超,219.5,1519795,333830967
2026-08-10,2913,農林,11.05,1241617,13651985
2026-08-10,2915,潤泰全,53.4,2960708,156997596
2026-08-10,2923,鼎固-KY,27.55,63168,1722354
2026-08-10,2929,淘帝-KY,5.49,117892,647773
2026-08-10,2939,永邑-KY,19.6,118000,2327550
2026-08-10,2945,三商家購,40.5,42282,1721068
2026-08-10,3002,歐格,16.9,204557,3468057
2026-08-10,3003,健和興,68.7,4772263,326866165
2026-08-10,3004,豐達科,126.5,260800,32867121
2026-08-10,3005,神基,114.5,3515172,398837512
2026-08-10,3006,晶豪科,275.5,23057646,6333422575
2026-08-10,3008,大立光,4400.0,1949566,8660709775
2026-08-10,3010,華立,122.5,633061,77585331
2026-08-10,3011,今皓,11.45,635509,7307413
2026-08-10,3013,晟銘電,87.2,1020452,88461269
2026-08-10,3014,聯陽,136.5,2530542,344366063
2026-08-10,3015,全漢,58.7,1209384,69283549
2026-08-10,3016,嘉晶,107.0,5797696,605362253
2026-08-10,3017,奇鋐,2765.0,3326767,9345241965
2026-08-10,3018,隆銘綠能,14.0,94156,1318636
2026-08-10,3019,亞光,134.5,2345953,312410012
2026-08-10,3021,鴻名,21.0,89949,1890088
2026-08-10,3022,威強電,113.0,8598306,943192395
2026-08-10,3023,信邦,314.5,1646314,509767404
2026-08-10,3024,憶聲,13.1,878428,11366346
2026-08-10,3025,星通,54.8,159537,8718304
2026-08-10,3026,禾伸堂,588.0,1250697,724579836
2026-08-10,3027,盛達,18.6,160519,2989783
2026-08-10,3028,增你強,68.5,2027911,139139663
2026-08-10,3029,零壹,109.0,1175558,129092784
2026-08-10,3030,德律,296.5,1071143,318967168
2026-08-10,3031,佰鴻,23.3,576867,13350665
2026-08-10,3032,偉訓,81.3,456150,37210179
2026-08-10,3033,威健,49.35,7850970,386375222
2026-08-10,3034,聯詠,544.0,3004623,1643710357
2026-08-10,3035,智原,178.0,6269806,1106985185
2026-08-10,3036,文曄,229.0,20379407,4604039165
2026-08-10,3037,欣興,992.0,7464140,7369228586
2026-08-10,3038,全台,20.7,118832,2464279
2026-08-10,3040,遠見,37.95,83573,3177688
2026-08-10,3041,揚智,24.55,1450593,34490617
2026-08-10,3042,晶技,180.5,14146914,2542145039
2026-08-10,3043,科風,20.6,85052,1744091
2026-08-10,3044,健鼎,401.5,2116540,856549387
2026-08-10,3045,台灣大,110.5,9703119,1068646025
2026-08-10,3046,建碁,59.1,1053700,61415393
2026-08-10,3047,訊舟,14.6,578920,8383437
2026-08-10,3048,益登,57.3,3389440,196281221
2026-08-10,3049,精金,11.0,2315302,25506468
2026-08-10,3050,鈺德,11.35,593497,6671631
2026-08-10,3051,力特,23.3,1008336,23519087
2026-08-10,3052,夆典,10.7,137059,1469278
2026-08-10,3054,立萬利,48.35,152451,7383922
2026-08-10,3055,蔚華科,113.5,1128644,123650899
2026-08-10,3056,富華新,14.25,672543,9529089
2026-08-10,3057,喬鼎,15.7,48229,755877
2026-08-10,3058,立德,8.19,389724,3184454
2026-08-10,3059,華晶科,40.8,1367492,55748400
2026-08-10,3060,銘異,29.55,1990468,59476103
2026-08-10,3062,建漢,20.9,1060105,21995378
2026-08-10,3090,日電貿,161.0,12014907,1928408371
2026-08-10,3092,鴻碩,23.6,163958,3859522
2026-08-10,3094,聯傑,36.95,1645958,60466667
2026-08-10,3130,一零四,202.5,48553,9876726
2026-08-10,3135,凌航,163.0,3350353,549577942
2026-08-10,3138,耀登,99.8,277992,27701625
2026-08-10,3149,正達,69.0,12586324,860827032
2026-08-10,3150,鈺寶-創,17.75,82000,1421850
2026-08-10,3164,景岳,16.6,64034,1054959
2026-08-10,3167,大量,655.0,4318212,2975090181
2026-08-10,3168,眾福科,42.65,27356,1166436
2026-08-10,3189,景碩,836.0,3650916,3034065584
2026-08-10,3209,全科,55.8,2650860,149817442
2026-08-10,3229,晟鈦,50.9,1396605,68662372
2026-08-10,3231,緯創,193.0,69635753,13253701066
2026-08-10,3257,虹冠電,51.4,160110,8197314
2026-08-10,3266,昇陽,13.85,16100,223602
2026-08-10,3296,勝德,23.45,24862,574285
2026-08-10,3305,昇貿,115.0,3652772,416070721
2026-08-10,3308,聯德,19.65,46482,913404
2026-08-10,3311,閎暉,32.3,220496,7183574
2026-08-10,3312,弘憶股,50.5,2105373,106241336
2026-08-10,3321,同泰,19.3,222604,4312125
2026-08-10,3338,泰碩,63.3,492120,31273696
2026-08-10,3346,麗清,20.85,310660,6368514
2026-08-10,3356,奇偶,57.6,341853,19527729
2026-08-10,3376,新日興,183.5,4294501,780184480
2026-08-10,3380,明泰,28.5,1150308,32851291
2026-08-10,3406,玉晶光,546.0,3355864,1819392486
2026-08-10,3413,京鼎,307.5,1420168,434540786
2026-08-10,3416,融程電,196.0,1084482,212329287
2026-08-10,3419,譁裕,12.0,170301,2067136
2026-08-10,3432,台端,16.3,42121,673010
2026-08-10,3437,榮創,18.1,514898,9258211
2026-08-10,3443,創意,4530.0,2048185,9507228235
2026-08-10,3447,展達,27.4,237658,6539066
2026-08-10,3450,聯鈞,524.0,13071392,6758403739
2026-08-10,3481,群創,52.3,219970431,11313764095
2026-08-10,3494,誠研,7.09,95224,673227
2026-08-10,3501,維熹,38.75,35540,1378171
2026-08-10,3504,揚明光,73.9,827863,61400627
2026-08-10,3515,華擎,215.5,649920,138465922
2026-08-10,3518,柏騰,28.25,1481218,43766408
2026-08-10,3528,安馳,90.1,336193,30022162
2026-08-10,3530,晶相光,55.5,96463,5333686
2026-08-10,3532,台勝科,283.0,8467248,2455654696
2026-08-10,3533,嘉澤,1960.0,785009,1552431590
2026-08-10,3535,晶彩科,90.2,878153,77876406
2026-08-10,3543,州巧,37.75,2315957,87945662
2026-08-10,3545,敦泰,51.1,794191,40338787
2026-08-10,3550,聯穎,23.7,5180271,124811536
2026-08-10,3557,嘉威,26.1,31954,832025
2026-08-10,3563,牧德,684.0,494990,336434559
2026-08-10,3576,聯合再生,17.15,9452267,162739789
2026-08-10,3583,辛耘,696.0,670200,472805885
2026-08-10,3588,通嘉,57.9,551927,31452530
2026-08-10,3591,艾笛森,21.7,544084,11826205
2026-08-10,3592,瑞鼎,244.0,548574,133698470
2026-08-10,3593,力銘,12.9,54422,660018
2026-08-10,3596,智易,174.0,2290539,400237226
2026-08-10,3605,宏致,109.0,9989806,1074846285
2026-08-10,3607,谷崧,14.35,78191,1123077
2026-08-10,3617,碩天,234.0,344281,80732519
2026-08-10,3622,洋華,54.3,255173,13839092
2026-08-10,3645,達邁,72.1,1336504,95868199
2026-08-10,3652,精聯,36.65,4080184,146879224
2026-08-10,3653,健策,4135.0,1452577,6078537515
2026-08-10,3661,世芯-KY,3800.0,3273476,12380133205
2026-08-10,3665,貿聯-KY,2190.0,4361567,9619095410
2026-08-10,3669,圓展,38.6,501100,19271792
2026-08-10,3673,TPK-KY,63.3,5318680,337129363
2026-08-10,3679,新至陞,109.5,123522,13398345
2026-08-10,3686,達能,14.9,70463,1037524
2026-08-10,3694,海華,55.9,1524796,85601717
2026-08-10,3701,大眾控,41.15,1169633,48556456
2026-08-10,3702,大聯大,130.0,11702194,1498126185
2026-08-10,3703,欣陸,20.2,1914683,38600623
2026-08-10,3704,合勤控,50.4,10803641,537899109
2026-08-10,3705,永信,53.7,110173,5887153
2026-08-10,3706,神達,92.9,7961056,738067152
2026-08-10,3708,上緯投控,102.0,885866,90592627
2026-08-10,3711,日月光投控,630.0,28684678,17960350189
2026-08-10,3712,永崴投控,21.15,921801,19077781
2026-08-10,3714,富采,59.0,18853571,1087000996
2026-08-10,3715,定穎投控,125.5,4961217,616722104
2026-08-10,3716,中化控股,35.35,719420,25261068
2026-08-10,3717,聯嘉投控,23.45,3849724,91831415
2026-08-10,4104,佳醫,71.2,209529,14893749
2026-08-10,4106,雃博,25.05,180630,4499555
2026-08-10,4108,懷特,11.15,286330,3175873
2026-08-10,4119,旭富,52.5,350207,18241441
2026-08-10,4133,亞諾法,21.25,94475,2007934
2026-08-10,4137,麗豐-KY,95.9,57686,5513472
2026-08-10,4142,國光生,17.55,1129830,19767176
2026-08-10,4148,全宇生技-KY,30.65,69150,2093734
2026-08-10,4155,訊映,14.65,275396,4066828
2026-08-10,4164,承業醫,26.65,892742,23142676
2026-08-10,4169,泰宗,153.5,362281,56487342
2026-08-10,4178,永笙-KY,17.7,168983,3015959
2026-08-10,4190,佐登-KY,25.4,7746,197338
2026-08-10,4195,基米-創,15.0,112035,1693994
2026-08-10,4306,炎洲,14.4,741174,10601583
2026-08-10,4414,如興,8.28,147481,1224690
2026-08-10,4426,利勤,7.92,85052,672591
2026-08-10,4438,廣越,60.8,219796,13562347
2026-08-10,4439,冠星-KY,104.5,20175,2110375
2026-08-10,4440,宜新實業,18.3,192100,3415630
2026-08-10,4441,振大環球,198.5,318204,62314832
2026-08-10,4526,東台,30.4,971425,29665231
2026-08-10,4532,瑞智,24.0,1307452,31465539
2026-08-10,4536,拓凱,171.5,172481,29454834
2026-08-10,4540,全球傳動,59.8,9299135,548814674
2026-08-10,4545,銘鈺,33.0,60325,1996758
2026-08-10,4551,智伸科,174.0,1011671,173093980
2026-08-10,4552,力達-KY,17.6,115824,2044225
2026-08-10,4555,氣立,48.7,608110,29571795
2026-08-10,4557,永新-KY,49.35,50128,2468470
2026-08-10,4560,強信-KY,32.4,524187,16815996
2026-08-10,4562,穎漢,32.5,585727,19144519
2026-08-10,4564,元翎,16.85,919584,15319778
2026-08-10,4566,時碩工業,74.8,11481637,880194218
2026-08-10,4569,六方科-KY,170.5,129556,22265446
2026-08-10,4571,鈞興-KY,173.0,990058,170850154
2026-08-10,4572,駐龍,142.0,16566,2338630
2026-08-10,4576,大銀微系統,226.5,3149130,710005376
2026-08-10,4581,光隆精密-KY,51.7,40421,2082391
2026-08-10,4582,聚恆-創,28.95,176751,5130411
2026-08-10,4583,台灣精銳,501.0,244482,122110461
2026-08-10,4585,達明,316.0,458960,143562156
2026-08-10,4588,玖鼎電力,52.3,51102,2671202
2026-08-10,4590,富田-創,83.1,517774,42691561
2026-08-10,4720,德淵,19.9,409686,8131712
2026-08-10,4722,國精化,215.5,1830703,409107647
2026-08-10,4736,泰博,130.5,135303,17624904
2026-08-10,4737,華廣,55.7,46351,2570941
2026-08-10,4739,康普,87.0,2562481,223251011
2026-08-10,4746,台耀,54.4,503711,27258491
2026-08-10,4755,三福化,118.5,485135,57952421
2026-08-10,4763,材料*-KY,50.0,5341877,266379249
2026-08-10,4764,雙鍵,232.0,2484954,576688070
2026-08-10,4766,南寶,338.5,267163,89733915
2026-08-10,4770,上品,221.0,506138,112995848
2026-08-10,4771,望隼,209.0,602793,124375034
2026-08-10,4807,日成-KY,32.55,231177,7440454
2026-08-10,4904,遠傳,101.5,3631240,369207325
2026-08-10,4906,正文,35.6,4830797,170451537
2026-08-10,4912,聯德控股-KY,89.8,468445,42653657
2026-08-10,4915,致伸,60.7,2207038,133507079
2026-08-10,4916,事欣科,104.0,8850710,908587671
2026-08-10,4919,新唐,127.5,4728599,591510144
2026-08-10,4927,泰鼎-KY,33.8,3624860,121966366
2026-08-10,4930,燦星網,16.3,39506,643120
2026-08-10,4934,太極,14.35,443613,6342069
2026-08-10,4935,茂林-KY,34.9,45088,1569658
2026-08-10,4938,和碩,89.5,6542820,580508112
2026-08-10,4942,嘉彰,34.4,21032,722650
2026-08-10,4943,康控-KY,8.73,47055,397758
2026-08-10,4949,有成精密,72.5,629905,44341666
2026-08-10,4952,凌通,49.7,786344,38924659
2026-08-10,4956,光鋐,31.4,1790593,57174039
2026-08-10,4958,臻鼎-KY,470.5,34195472,16355704243
2026-08-10,4960,誠美材,20.9,1834033,38603838
2026-08-10,4961,天鈺,174.0,973666,168772484
2026-08-10,4967,十銓,280.5,5277297,1482481559
2026-08-10,4968,立積,96.0,391168,37762017
2026-08-10,4976,佳凌,36.15,1346129,48996934
2026-08-10,4977,眾達-KY,144.5,3104053,441092073
2026-08-10,4989,榮科,67.5,5486558,370744707
2026-08-10,4994,傳奇,86.9,7381,642922
2026-08-10,4999,鑫禾,19.3,234087,4338370
2026-08-10,5007,三星,56.1,29725,1660646
2026-08-10,5203,訊連,66.3,181961,12004025
2026-08-10,5215,科嘉-KY,38.2,24106,917033
2026-08-10,5222,全訊,117.0,267698,30761669
2026-08-10,5225,東科-KY,66.7,1811681,120853501
2026-08-10,5234,達興材料,333.0,117854,39560470
2026-08-10,5236,凌陽創新,144.0,87651,12574931
2026-08-10,5243,乙盛-KY,88.7,1254321,111168593
2026-08-10,5244,弘凱,33.45,61293,2048615
2026-08-10,5258,虹堡,53.2,428429,22527086
2026-08-10,5269,祥碩,1400.0,809715,1121164940
2026-08-10,5283,禾聯碩,53.7,44017,2361151
2026-08-10,5284,jpp-KY,307.5,433480,133471397
2026-08-10,5285,界霖,77.9,938042,73437136
2026-08-10,5288,豐祥-KY,197.5,272453,52842642
2026-08-10,5292,華懋,178.5,71174,12620531
2026-08-10,5306,桂盟,97.0,388605,37668497
2026-08-10,5388,中磊,93.6,4818108,451667455
2026-08-10,5434,崇越,514.0,687175,354939152
2026-08-10,5469,瀚宇博,75.9,3906563,295698063
2026-08-10,5471,松翰,56.7,3329378,189315436
2026-08-10,5484,慧友,45.35,790397,35312123
2026-08-10,5515,建國,44.45,723572,31891143
2026-08-10,5519,隆大,27.85,252685,7056561
2026-08-10,5521,工信,10.35,2491575,25693904
2026-08-10,5522,遠雄,65.1,552472,35649665
2026-08-10,5525,順天,22.05,61869,1365362
2026-08-10,5531,鄉林,7.59,985611,7508290
2026-08-10,5533,皇鼎,14.0,169285,2344618
2026-08-10,5534,長虹,78.3,324494,25410998
2026-08-10,5538,東明-KY,35.4,148458,5133720
2026-08-10,5546,永固-KY,14.1,2000,28300
2026-08-10,5607,遠雄港,49.35,442881,21852324
2026-08-10,5608,四維航,14.1,2788572,38738377
2026-08-10,5706,鳳凰,45.6,103768,4709980
2026-08-10,5871,中租-KY,109.0,5711639,621222424
2026-08-10,5876,上海商銀,43.35,6889973,297524011
2026-08-10,5880,合庫金,26.1,32243685,841208439
2026-08-10,5906,台南-KY,40.7,2000,81400
2026-08-10,5907,大洋-KY,4.91,469025,2260920
2026-08-10,6005,群益證,33.8,16284667,550095059
2026-08-10,6024,群益期,62.1,733907,45304026
2026-08-10,6108,競國,18.7,599029,11165067
2026-08-10,6112,邁達特,46.65,927495,43382282
2026-08-10,6115,鎰勝,45.25,90021,4070079
2026-08-10,6116,彩晶,14.9,76264713,1123454701
2026-08-10,6117,迎廣,66.3,123779,8185747
2026-08-10,6120,達運,13.3,2892131,38718504
2026-08-10,6128,上福,20.25,42433,856954
2026-08-10,6133,金橋,21.65,588151,12827929
2026-08-10,6136,富爾特,25.25,374740,9371426
2026-08-10,6139,亞翔,808.0,4168609,3405978412
2026-08-10,6141,柏承,34.7,630209,21967494
2026-08-10,6142,友勁,9.63,429768,4131566
2026-08-10,6152,百一,14.35,924519,13266830
2026-08-10,6153,嘉聯益,16.6,2602680,43212132
2026-08-10,6155,鈞寶,53.2,1634398,87995321
2026-08-10,6164,華興,11.8,233222,2757963
2026-08-10,6165,浪凡,50.9,425971,21859986
2026-08-10,6166,凌華,143.0,3168163,450109519
2026-08-10,6168,宏齊,25.05,2070136,52210929
2026-08-10,6176,瑞儀,82.3,3939534,325296669
2026-08-10,6177,達麗,48.5,1645085,79706426
2026-08-10,6183,關貿,92.9,34068,3159037
2026-08-10,6184,大豐電,42.2,28560,1205422
2026-08-10,6189,豐藝,49.05,652265,32067089
2026-08-10,6191,精成科,87.2,3795615,328700108
2026-08-10,6192,巨路,116.0,324389,37806379
2026-08-10,6196,帆宣,507.0,1012950,510238252
2026-08-10,6197,佳必琪,309.0,2187808,660925964
2026-08-10,6201,亞弘電,45.45,28041,1273470
2026-08-10,6202,盛群,63.8,3528659,224885782
2026-08-10,6205,詮欣,61.5,295212,18035011
2026-08-10,6206,飛捷,158.0,7019571,1083303254
2026-08-10,6209,今國光,74.0,5396882,404621825
2026-08-10,6213,聯茂,427.5,20055590,8560864534
2026-08-10,6214,精誠,144.5,1660632,239098134
2026-08-10,6215,和椿,102.5,1687857,172771244
2026-08-10,6216,居易,21.9,150029,3280623
2026-08-10,6224,聚鼎,56.0,224198,12626551
2026-08-10,6225,天瀚,27.7,68293,1906338
2026-08-10,6226,光鼎,21.4,10841731,232906978
2026-08-10,6230,尼得科超眾,110.0,40707,4498725
2026-08-10,6235,華孚,39.75,243028,9632873
2026-08-10,6239,力成,288.5,7915671,2274216786
2026-08-10,6243,迅杰,45.7,2477568,114800802
2026-08-10,6257,矽格,207.5,6452667,1344648042
2026-08-10,6269,台郡,65.9,9126751,604807461
2026-08-10,6271,同欣電,197.0,7274599,1441449713
2026-08-10,6272,驊陞,25.1,72357,1814094
2026-08-10,6277,宏正,80.0,325977,25969598
2026-08-10,6278,台表科,171.5,7037010,1188516325
2026-08-10,6281,全國電,51.6,36486,1874161
2026-08-10,6282,康舒,50.0,14370600,711753368
2026-08-10,6283,淳安,20.15,128206,2576209
2026-08-10,6285,啟碁,256.0,10887611,2753452267
2026-08-10,6405,悅城,39.95,694238,27686093
2026-08-10,6409,旭隼,1040.0,679647,713369390
2026-08-10,6412,群電,79.4,749225,59438985
2026-08-10,6414,樺漢,482.0,2382498,1135544549
2026-08-10,6415,矽力*-KY,465.0,3105622,1429365902
2026-08-10,6416,瑞祺電通,103.5,882075,90166481
2026-08-10,6426,統新,217.5,3781496,822245400
2026-08-10,6431,光麗-KY,19.6,97105,1871941
2026-08-10,6438,迅得,147.0,158801,23369476
2026-08-10,6442,光聖,1425.0,2940773,4196778510
2026-08-10,6443,元晶,27.05,4716830,126978597
2026-08-10,6446,藥華藥,1330.0,4265061,5557961365
2026-08-10,6449,鈺邦,240.5,1001652,236463093
2026-08-10,6451,訊芯-KY,456.0,4550080,2058096386
2026-08-10,6456,GIS-KY,67.6,6007273,399382421
2026-08-10,6464,台數科,77.1,8020,620724
2026-08-10,6472,保瑞,431.0,967458,413423843
2026-08-10,6477,安集,33.95,1206262,41008550
2026-08-10,6491,晶碩,379.0,542542,202697435
2026-08-10,6504,南六,39.0,31142,1207369
2026-08-10,6505,台塑化,69.0,26008347,1792374307
2026-08-10,6515,穎崴,6830.0,415239,2885647345
2026-08-10,6525,捷敏-KY,142.0,1797015,253125756
2026-08-10,6526,達發,627.0,313730,198309083
2026-08-10,6531,愛普*,923.0,5773012,5572659537
2026-08-10,6533,晶心科,250.0,6134327,1559881366
2026-08-10,6534,正瀚-創,94.1,177134,16741109
2026-08-10,6541,泰福-KY,38.8,226506,8616969
2026-08-10,6550,北極星藥業-KY,11.25,744104,8243239
2026-08-10,6552,易華電,24.9,42986,1063558
2026-08-10,6558,興能高,26.75,299314,7993255
2026-08-10,6573,虹揚-KY,16.95,355204,6026569
2026-08-10,6579,研揚,164.5,1865470,304492358
2026-08-10,6581,鋼聯,108.0,9753,1052786
2026-08-10,6582,申豐,32.1,40984,1314825
2026-08-10,6585,鼎基,117.5,772046,91438059
2026-08-10,6589,台康生技,50.7,1552548,79462567
2026-08-10,6591,動力-KY,44.9,187741,8323621
2026-08-10,6592,和潤企業,60.7,238815,14454863
2026-08-10,6598,ABC-KY,29.4,307009,8949390
2026-08-10,6605,帝寶,133.5,1416408,185649418
2026-08-10,6606,建德工業,26.4,208055,5450549
2026-08-10,6614,資拓宏宇,35.85,36721,1320703
2026-08-10,6625,必應,77.1,154527,11914386
2026-08-10,6641,基士德-KY,18.2,6000,109300
2026-08-10,6645,金萬林-創,13.3,11000,146950
2026-08-10,6655,科定,117.5,3304,391410
2026-08-10,6657,華安,31.0,84737,2627797
2026-08-10,6658,聯策,161.5,383503,61848654
2026-08-10,6666,羅麗芬-KY,43.25,21390,923197
2026-08-10,6668,中揚光,35.25,282106,9880392
2026-08-10,6669,緯穎,6010.0,1653053,10061870705
2026-08-10,6670,復盛應用,266.5,119082,31919577
2026-08-10,6671,三能-KY,22.65,2018,45455
2026-08-10,6672,騰輝電子-KY,251.5,6389874,1594972151
2026-08-10,6674,鋐寶科技,15.15,37000,554950
2026-08-10,6689,伊雲谷,64.1,197083,12660535
2026-08-10,6691,洋基工程,732.0,570164,420196969
2026-08-10,6695,芯鼎,49.05,613480,30550346
2026-08-10,6698,旭暉應材,34.05,145414,5021106
2026-08-10,6706,惠特,115.0,2605145,300557417
2026-08-10,6715,嘉基,363.5,324682,115293635
2026-08-10,6719,力智,205.5,1747982,363505482
2026-08-10,6722,輝創,33.25,28467,946951
2026-08-10,6742,澤米,44.1,190898,8424355
2026-08-10,6743,安普新,25.95,262272,6713884
2026-08-10,6753,龍德造船,142.0,3676883,531187932
2026-08-10,6754,匯僑設計,42.6,22283,943961
2026-08-10,6756,威鋒電子,99.9,112846,11395826
2026-08-10,6757,台灣虎航,55.6,2093152,116451296
2026-08-10,6768,志強-KY,67.1,486838,32678347
2026-08-10,6770,力積電,67.6,231526872,15756722215
2026-08-10,6771,平和環保-創,38.0,32250,1226562
2026-08-10,6776,展碁國際,54.0,134630,7257386
2026-08-10,6781,AES-KY,1195.0,1873258,2225207435
2026-08-10,6782,視陽,214.0,561139,120618060
2026-08-10,6789,采鈺,441.5,1734196,760360505
2026-08-10,6790,永豐實,38.25,70094,2683182
2026-08-10,6792,詠業,58.1,7748,446797
2026-08-10,6794,向榮生技,74.7,30038,2226825
2026-08-10,6796,晉弘,59.8,44208,2543361
2026-08-10,6799,來頡,88.0,258837,22734305
2026-08-10,6805,富世達,1755.0,2682942,4767631765
2026-08-10,6807,峰源-KY,37.9,4282,161016
2026-08-10,6830,汎銓,424.5,2126647,909703103
2026-08-10,6831,邁科,619.0,798545,504963209
2026-08-10,6834,天二科技,96.6,4556631,437630014
2026-08-10,6835,圓裕,31.0,34476,1075921
2026-08-10,6838,台新藥,23.35,43242,998240
2026-08-10,6854,錼創科技-KY創,94.2,188698,17976152
2026-08-10,6861,睿生光電,220.5,739197,164535049
2026-08-10,6862,三集瑞-KY,149.0,148141,22004262
2026-08-10,6863,永道-KY,132.5,287104,37514992
2026-08-10,6869,雲豹能源,70.2,621876,43316912
2026-08-10,6873,泓德能源,79.0,427020,33806654
2026-08-10,6885,全福生技,20.55,260456,5364843
2026-08-10,6887,寶綠特-KY,36.05,23663,856617
2026-08-10,6890,來億-KY,174.5,81321,14156258
2026-08-10,6901,鑽石投資,16.3,7060030,114779686
2026-08-10,6902,GOGOLOOK,127.5,161020,20354402
2026-08-10,6906,現觀科,71.0,64428,4591196
2026-08-10,6908,宏碁遊戲-創,32.9,17000,555950
2026-08-10,6909,創控,41.85,277497,11679856
2026-08-10,6914,阜爾運通,148.0,81149,12025545
2026-08-10,6916,華凌,18.85,46524,878981
2026-08-10,6918,愛派司,72.8,54089,3913819
2026-08-10,6919,康霈*,111.0,5718488,612833856
2026-08-10,6921,嘉雨思-創,65.2,31000,2019100
2026-08-10,6923,中台,76.7,83910,6376947
2026-08-10,6924,榮惠-KY創,109.0,34112,3742484
2026-08-10,6928,攸泰科技,48.2,61253,2959383
2026-08-10,6931,青松健康,38.6,65198,2495368
2026-08-10,6933,AMAX-KY,180.5,293773,53026005
2026-08-10,6934,心誠鎂,72.0,24529,1727082
2026-08-10,6936,永鴻生技,32.0,20841,666672
2026-08-10,6937,天虹,270.5,660240,176806686
2026-08-10,6944,兆聯實業,755.0,522152,399638602
2026-08-10,6947,台鎔科技,78.4,388549,30721637
2026-08-10,6949,沛爾生醫-創,948.0,243204,226676579
2026-08-10,6951,青新-創,71.4,45974,3288203
2026-08-10,6952,大武山,39.7,75751,3045757
2026-08-10,6955,邦睿生技-創,124.5,4330,535597
2026-08-10,6957,裕慶-KY,214.0,86981,18465588
2026-08-10,6958,日盛台駿,18.65,95384,1781875
2026-08-10,6962,奕力-KY,34.15,4609728,156211380
2026-08-10,6965,中傑-KY,77.0,11240,862160
2026-08-10,6969,成信實業*-創,34.3,278521,9693837
2026-08-10,6988,威力暘-創,12.55,61000,770500
2026-08-10,6994,富威電力,36.95,521874,19302339
2026-08-10,7610,聯友金屬-創,1950.0,998950,1987939890
2026-08-10,7631,聚賢研發-創,138.5,103048,14121368
2026-08-10,7689,大鵬科CLMX,171.5,195428,33033446
2026-08-10,7705,三商餐飲,31.2,21960,680862
2026-08-10,7711,永擎,405.0,1380221,538273762
2026-08-10,7721,微程式,62.9,34179,2141298
2026-08-10,7722,LINEPAY,293.5,282786,83647887
2026-08-10,7730,暉盛-創,156.0,65489,10407484
2026-08-10,7732,金興精密,36.1,52000,1861550
2026-08-10,7736,虎山,70.0,17208,1203958
2026-08-10,7740,熙特爾-創,177.0,915698,157475677
2026-08-10,7749,意騰-KY,355.5,100510,35813283
2026-08-10,7750,新代,2485.0,397479,961751220
2026-08-10,7760,享溫馨,33.15,19062,638470
2026-08-10,7765,中華資安,225.5,32094,7239140
2026-08-10,7768,頌勝科技,261.5,49286,12825678
2026-08-10,7769,鴻勁,6280.0,683580,4311261095
2026-08-10,7780,大研生醫*,16.85,530878,8917746
2026-08-10,7786,東方風能,132.0,414105,55170551
2026-08-10,7788,松川精密,234.5,2400906,559286776
2026-08-10,7791,皇家可口,59.7,24679,1468031
2026-08-10,7795,長廣,457.0,3153684,1422496421
2026-08-10,7799,禾榮科,358.0,161687,58282030
2026-08-10,7803,雲象科技-創,19.7,45607,890249
2026-08-10,7818,溢泰實業,63.0,187081,11690299
2026-08-10,7821,神數,41.6,219609,9103228
2026-08-10,7822,倍利科,873.0,141079,124027123
2026-08-10,7823,奧義賽博-KY創,83.7,38308,3215947
2026-08-10,7827,漢康-KY創,160.0,287699,45236954
2026-08-10,7835,永悅健康-創,25.55,62484,1635702
2026-08-10,8011,台通,16.5,274300,4536837
2026-08-10,8016,矽創,311.0,1270637,395300895
2026-08-10,8021,尖點,434.5,6014329,2593122498
2026-08-10,8028,昇陽半導體,264.0,3255163,858778277
2026-08-10,8033,雷虎,172.0,6417956,1128240220
2026-08-10,8039,台虹,226.0,44723032,10689305630
2026-08-10,8045,達運光電,54.8,37094,2034693
2026-08-10,8046,南電,1130.0,3375300,3831306645
2026-08-10,8070,長華*,48.8,2059551,100585240
2026-08-10,8072,陞泰,26.3,143986,3775761
2026-08-10,8081,致新,268.0,2783157,745646677
2026-08-10,8101,華冠,11.75,19233,223535
2026-08-10,8103,瀚荃,80.3,618837,49497193
2026-08-10,8104,錸寶,31.65,290796,9214878
2026-08-10,8105,凌巨,16.65,3252979,54940758
2026-08-10,8110,華東,46.2,7341355,343249460
2026-08-10,8112,至上,92.4,16947208,1564291947
2026-08-10,8114,振樺電,223.5,1202831,269004682
2026-08-10,8131,福懋科,64.6,4019383,259567836
2026-08-10,8150,南茂,92.9,39296241,3622067343
2026-08-10,8162,微矽電子-創,54.4,227023,12521713
2026-08-10,8163,達方,31.65,857839,27023790
2026-08-10,8201,無敵,12.0,38407,457631
2026-08-10,8210,勤誠,1075.0,2491692,2682987980
2026-08-10,8213,志超,30.7,156296,4784778
2026-08-10,8215,明基材,25.55,808660,20511249
2026-08-10,8222,寶一,38.0,503570,18943830
2026-08-10,8249,菱光,42.55,436299,18373298
2026-08-10,8261,富鼎,179.0,5109076,911871615
2026-08-10,8271,宇瞻,235.5,6983213,1632684015
2026-08-10,8341,日友,77.2,236894,18175989
2026-08-10,8367,建新國際,40.45,27639,1109996
2026-08-10,8374,羅昇,88.9,930058,80517844
2026-08-10,8404,百和興業-KY,16.15,278064,4510853
2026-08-10,8411,福貞-KY,13.05,132624,1720445
2026-08-10,8422,可寧衛*,26.8,6104188,162570144
2026-08-10,8429,金麗-KY,6.04,160327,967255
2026-08-10,8438,昶昕,66.6,246350,16384235
2026-08-10,8442,威宏-KY,44.0,67283,2972404
2026-08-10,8443,阿瘦,11.4,17279,197344
2026-08-10,8454,富邦媒,274.5,2664217,745523253
2026-08-10,8462,柏文,171.5,126094,21318301
2026-08-10,8463,潤泰材,20.8,42100,877594
2026-08-10,8464,億豐,379.0,352205,133288501
2026-08-10,8466,美吉吉-KY,16.7,21115,352213
2026-08-10,8467,波力-KY,106.0,54644,5689934
2026-08-10,8473,山林水,42.3,810258,34235815
2026-08-10,8476,台境*,20.6,213185,4369155
2026-08-10,8478,東哥遊艇,147.0,137024,20068076
2026-08-10,8481,政伸,40.4,17670,713667
2026-08-10,8482,商億-KY,49.6,2000,100100
2026-08-10,8487,愛爾達-創,72.6,22777,1651004
2026-08-10,8488,吉源-KY,10.0,7000,70750
2026-08-10,8499,鼎炫-KY,263.0,53960,14195711
2026-08-10,8926,台汽電,57.0,14590472,830116147
2026-08-10,8940,新天地,15.35,32197,494015
2026-08-10,8996,高力,1075.0,2177049,2354119305
2026-08-10,9802,鈺齊-KY,71.3,1146261,81343685
2026-08-10,9902,台火,13.85,101093,1394797
2026-08-10,9904,寶成,24.1,12118263,291038081
2026-08-10,9905,大華,21.35,418060,8870256
2026-08-10,9906,欣巴巴,40.2,60439,2407501
2026-08-10,9907,統一實,14.85,2536593,37365883
2026-08-10,9908,大台北,29.05,109985,3196559
2026-08-10,9910,豐泰,70.2,880722,61452864
2026-08-10,9911,櫻花,82.8,301207,24919807
2026-08-10,9912,偉聯,12.4,36738,456122
2026-08-10,9914,美利達,86.0,6297451,541299306
2026-08-10,9917,中保科,107.5,284764,30664383
2026-08-10,9918,欣天然,42.5,21410,909697
2026-08-10,9919,康那香,13.95,138742,1934006
2026-08-10,9921,巨大,101.5,9853081,998843141
2026-08-10,9924,福興,38.45,397376,15216138
2026-08-10,9925,新保,40.05,796736,31864212
2026-08-10,9926,新海,49.3,8043,396268
2026-08-10,9927,泰銘,68.8,300786,20628862
2026-08-10,9928,中視,18.2,41491,755975
2026-08-10,9929,秋雨,11.45,2101,23086
2026-08-10,9930,中聯資源,62.3,75240,4680221
2026-08-10,9931,欣高,33.6,15373,518173
2026-08-10,9933,中鼎,38.25,1438720,54666717
2026-08-10,9934,成霖,12.0,7763295,92659915
2026-08-10,9935,慶豐富,20.9,750246,15525783
2026-08-10,9937,全國,55.1,7705,423346
2026-08-10,9938,百和,42.0,1320408,55351706
2026-08-10,9939,宏全,144.5,2399933,344006637
2026-08-10,9940,信義,21.25,505279,10745104
2026-08-10,9941,裕融,85.2,1309145,110921884
2026-08-10,9942,茂順,118.5,239391,28298962
2026-08-10,9943,好樂迪,51.6,53008,2726916
2026-08-10,9944,新麗,17.6,35256,621211
2026-08-10,9945,潤泰新,27.25,5198981,140683569
2026-08-10,9946,三發地產,18.2,273950,4965668
2026-08-10,9955,佳龍,24.55,374206,9166740
2026-08-10,9958,世紀鋼,116.0,2267484,261636986
